Studio;Datum;Stunde;Auslastung_Stundenmittel_%;Abruf
charlottenburg;2026-10-08;0;0;23:44
charlottenburg;2026-10-08;1;0;23:44
charlottenburg;2026-10-08;2;0;23:44
charlottenburg;2026-10-08;3;0;23:44
charlottenburg;2026-10-08;4;0;23:44
charlottenburg;2026-10-08;5;0;23:44
charlottenburg;2026-10-08;6;11;23:44
charlottenburg;2026-10-08;7;18;23:44
charlottenburg;2026-10-08;8;18;23:44
charlottenburg;2026-10-08;9;20;23:44
charlottenburg;2026-10-08;10;25;23:44
charlottenburg;2026-10-08;11;23;23:44
charlottenburg;2026-10-08;12;25;23:44
charlottenburg;2026-10-08;13;22;23:44
charlottenburg;2026-10-08;14;24;23:44
charlottenburg;2026-10-08;15;29;23:44
charlottenburg;2026-10-08;16;32;23:44
charlottenburg;2026-10-08;17;45;23:44
charlottenburg;2026-10-08;18;52;23:44
charlottenburg;2026-10-08;19;44;23:44
charlottenburg;2026-10-08;20;42;23:44
charlottenburg;2026-10-08;21;37;23:44
charlottenburg;2026-10-08;22;20;23:44
kreuzberg;2026-10-08;0;0;23:44
kreuzberg;2026-10-08;1;0;23:44
kreuzberg;2026-10-08;2;0;23:44
kreuzberg;2026-10-08;3;0;23:44
kreuzberg;2026-10-08;4;0;23:44
kreuzberg;2026-10-08;5;0;23:44
kreuzberg;2026-10-08;6;8;23:44
kreuzberg;2026-10-08;7;24;23:44
kreuzberg;2026-10-08;8;33;23:44
kreuzberg;2026-10-08;9;34;23:44
kreuzberg;2026-10-08;10;30;23:44
kreuzberg;2026-10-08;11;32;23:44
kreuzberg;2026-10-08;12;36;23:44
kreuzberg;2026-10-08;13;38;23:44
kreuzberg;2026-10-08;14;30;23:44
kreuzberg;2026-10-08;15;27;23:44
kreuzberg;2026-10-08;16;36;23:44
kreuzberg;2026-10-08;17;43;23:44
kreuzberg;2026-10-08;18;52;23:44
kreuzberg;2026-10-08;19;54;23:44
kreuzberg;2026-10-08;20;43;23:44
kreuzberg;2026-10-08;21;28;23:44
kreuzberg;2026-10-08;22;18;23:44
prenzlauer_berg;2026-10-08;0;0;23:44
prenzlauer_berg;2026-10-08;1;1;23:44
prenzlauer_berg;2026-10-08;2;1;23:44
prenzlauer_berg;2026-10-08;3;2;23:44
prenzlauer_berg;2026-10-08;4;2;23:44
prenzlauer_berg;2026-10-08;5;5;23:44
prenzlauer_berg;2026-10-08;6;9;23:44
prenzlauer_berg;2026-10-08;7;18;23:44
prenzlauer_berg;2026-10-08;8;28;23:44
prenzlauer_berg;2026-10-08;9;29;23:44
prenzlauer_berg;2026-10-08;10;28;23:44
prenzlauer_berg;2026-10-08;11;31;23:44
prenzlauer_berg;2026-10-08;12;32;23:44
prenzlauer_berg;2026-10-08;13;33;23:44
prenzlauer_berg;2026-10-08;14;29;23:44
prenzlauer_berg;2026-10-08;15;30;23:44
prenzlauer_berg;2026-10-08;16;35;23:44
prenzlauer_berg;2026-10-08;17;41;23:44
prenzlauer_berg;2026-10-08;18;49;23:44
prenzlauer_berg;2026-10-08;19;52;23:44
prenzlauer_berg;2026-10-08;20;46;23:44
prenzlauer_berg;2026-10-08;21;36;23:44
prenzlauer_berg;2026-10-08;22;23;23:44
boetzow;2026-10-08;0;0;23:44
boetzow;2026-10-08;1;0;23:44
boetzow;2026-10-08;2;0;23:44
boetzow;2026-10-08;3;0;23:44
boetzow;2026-10-08;4;0;23:44
boetzow;2026-10-08;5;0;23:44
boetzow;2026-10-08;6;10;23:44
boetzow;2026-10-08;7;34;23:44
boetzow;2026-10-08;8;38;23:44
boetzow;2026-10-08;9;30;23:44
boetzow;2026-10-08;10;27;23:44
boetzow;2026-10-08;11;28;23:44
boetzow;2026-10-08;12;27;23:44
boetzow;2026-10-08;13;29;23:44
boetzow;2026-10-08;14;33;23:44
boetzow;2026-10-08;15;38;23:44
boetzow;2026-10-08;16;39;23:44
boetzow;2026-10-08;17;47;23:44
boetzow;2026-10-08;18;64;23:44
boetzow;2026-10-08;19;72;23:44
boetzow;2026-10-08;20;65;23:44
boetzow;2026-10-08;21;47;23:44
boetzow;2026-10-08;22;34;23:44
friedrichshain;2026-10-08;0;0;23:44
friedrichshain;2026-10-08;1;0;23:44
friedrichshain;2026-10-08;2;0;23:44
friedrichshain;2026-10-08;3;0;23:44
friedrichshain;2026-10-08;4;0;23:44
friedrichshain;2026-10-08;5;0;23:44
friedrichshain;2026-10-08;6;14;23:44
friedrichshain;2026-10-08;7;31;23:44
friedrichshain;2026-10-08;8;35;23:44
friedrichshain;2026-10-08;9;37;23:44
friedrichshain;2026-10-08;10;37;23:44
friedrichshain;2026-10-08;11;33;23:44
friedrichshain;2026-10-08;12;44;23:44
friedrichshain;2026-10-08;13;42;23:44
friedrichshain;2026-10-08;14;43;23:44
friedrichshain;2026-10-08;15;50;23:44
friedrichshain;2026-10-08;16;58;23:44
friedrichshain;2026-10-08;17;69;23:44
friedrichshain;2026-10-08;18;85;23:44
friedrichshain;2026-10-08;19;89;23:44
friedrichshain;2026-10-08;20;80;23:44
friedrichshain;2026-10-08;21;55;23:44
friedrichshain;2026-10-08;22;26;23:44
womens_club;2026-10-08;0;0;23:44
womens_club;2026-10-08;1;0;23:44
womens_club;2026-10-08;2;0;23:44
womens_club;2026-10-08;3;0;23:44
womens_club;2026-10-08;4;0;23:44
womens_club;2026-10-08;5;0;23:44
womens_club;2026-10-08;6;1;23:44
womens_club;2026-10-08;7;7;23:44
womens_club;2026-10-08;8;17;23:44
womens_club;2026-10-08;9;22;23:44
womens_club;2026-10-08;10;21;23:44
womens_club;2026-10-08;11;26;23:44
womens_club;2026-10-08;12;29;23:44
womens_club;2026-10-08;13;32;23:44
womens_club;2026-10-08;14;36;23:44
womens_club;2026-10-08;15;37;23:44
womens_club;2026-10-08;16;46;23:44
womens_club;2026-10-08;17;56;23:44
womens_club;2026-10-08;18;70;23:44
womens_club;2026-10-08;19;87;23:44
womens_club;2026-10-08;20;82;23:44
womens_club;2026-10-08;21;80;23:44
womens_club;2026-10-08;22;75;23:44
gesundbrunnen;2026-10-08;0;0;23:44
gesundbrunnen;2026-10-08;1;0;23:44
gesundbrunnen;2026-10-08;2;0;23:44
gesundbrunnen;2026-10-08;3;0;23:44
gesundbrunnen;2026-10-08;4;0;23:44
gesundbrunnen;2026-10-08;5;0;23:44
gesundbrunnen;2026-10-08;6;9;23:44
gesundbrunnen;2026-10-08;7;13;23:44
gesundbrunnen;2026-10-08;8;15;23:44
gesundbrunnen;2026-10-08;9;18;23:44
gesundbrunnen;2026-10-08;10;20;23:44
gesundbrunnen;2026-10-08;11;22;23:44
gesundbrunnen;2026-10-08;12;23;23:44
gesundbrunnen;2026-10-08;13;21;23:44
gesundbrunnen;2026-10-08;14;24;23:44
gesundbrunnen;2026-10-08;15;28;23:44
gesundbrunnen;2026-10-08;16;33;23:44
gesundbrunnen;2026-10-08;17;42;23:44
gesundbrunnen;2026-10-08;18;47;23:44
gesundbrunnen;2026-10-08;19;42;23:44
gesundbrunnen;2026-10-08;20;36;23:44
gesundbrunnen;2026-10-08;21;28;23:44
gesundbrunnen;2026-10-08;22;20;23:44
